Division,District,Upazilla
Chattogram,Cumilla,Debidwar
Chattogram,Cumilla,Barura
Chattogram,Cumilla,Brahmanpara
Chattogram,Cumilla,Chandina
Chattogram,Cumilla,Chauddagram
Chattogram,Cumilla,Daudkandi
Chattogram,Cumilla,Homna
Chattogram,Cumilla,Laksam
Chattogram,Cumilla,Muradnagar
Chattogram,Cumilla,Nangalkot
Chattogram,Cumilla,Cumillasadar
Chattogram,Cumilla,Meghna
Chattogram,Cumilla,Monohargonj
Chattogram,Cumilla,Sadarsouth
Chattogram,Cumilla,Titas
Chattogram,Cumilla,Burichang
Chattogram,Cumilla,Lalmai
Chattogram,Feni,Chhagalnaiya
Chattogram,Feni,Sadar
Chattogram,Feni,Sonagazi
Chattogram,Feni,Fulgazi
Chattogram,Feni,Parshuram
Chattogram,Feni,Daganbhuiyan
Chattogram,Brahmanbaria,Sadar
Chattogram,Brahmanbaria,Kasba
Chattogram,Brahmanbaria,Nasirnagar
Chattogram,Brahmanbaria,Sarail
Chattogram,Brahmanbaria,Ashuganj
Chattogram,Brahmanbaria,Akhaura
Chattogram,Brahmanbaria,Nabinagar
Chattogram,Brahmanbaria,Bancharampur
Chattogram,Brahmanbaria,Bijoynagar
Chattogram,Rangamati,Sadar
Chattogram,Rangamati,Kaptai
Chattogram,Rangamati,Kawkhali
Chattogram,Rangamati,Baghaichari
Chattogram,Rangamati,Barkal
Chattogram,Rangamati,Langadu
Chattogram,Rangamati,Rajasthali
Chattogram,Rangamati,Belaichari
Chattogram,Rangamati,Juraichari
Chattogram,Rangamati,Naniarchar
Chattogram,Noakhali,Sadar
Chattogram,Noakhali,Companiganj
Chattogram,Noakhali,Begumganj
Chattogram,Noakhali,Hatia
Chattogram,Noakhali,Subarnachar
Chattogram,Noakhali,Kabirhat
Chattogram,Noakhali,Senbug
Chattogram,Noakhali,Chatkhil
Chattogram,Noakhali,Sonaimuri
Chattogram,Chandpur,Haimchar
Chattogram,Chandpur,Kachua
Chattogram,Chandpur,Shahrasti
Chattogram,Chandpur,Sadar
Chattogram,Chandpur,Matlabsouth
Chattogram,Chandpur,Hajiganj
Chattogram,Chandpur,Matlabnorth
Chattogram,Chandpur,Faridgonj
Chattogram,Lakshmipur,Sadar
Chattogram,Lakshmipur,Kamalnagar
Chattogram,Lakshmipur,Raipur
Chattogram,Lakshmipur,Ramgati
Chattogram,Lakshmipur,Ramganj
Chattogram,Chattogram,Rangunia
Chattogram,Chattogram,Sitakunda
Chattogram,Chattogram,Mirsharai
Chattogram,Chattogram,Patiya
Chattogram,Chattogram,Sandwip
Chattogram,Chattogram,Banshkhali
Chattogram,Chattogram,Boalkhali
Chattogram,Chattogram,Anwara
Chattogram,Chattogram,Chandanaish
Chattogram,Chattogram,Satkania
Chattogram,Chattogram,Lohagara
Chattogram,Chattogram,Hathazari
Chattogram,Chattogram,Fatikchhari
Chattogram,Chattogram,Raozan
Chattogram,Chattogram,Karnafuli
Chattogram,Coxsbazar,Sadar
Chattogram,Coxsbazar,Chakaria
Chattogram,Coxsbazar,Kutubdia
Chattogram,Coxsbazar,Ukhiya
Chattogram,Coxsbazar,Moheshkhali
Chattogram,Coxsbazar,Pekua
Chattogram,Coxsbazar,Ramu
Chattogram,Coxsbazar,Teknaf
Chattogram,Khagrachhari,Sadar
Chattogram,Khagrachhari,Dighinala
Chattogram,Khagrachhari,Panchari
Chattogram,Khagrachhari,Laxmichhari
Chattogram,Khagrachhari,Mohalchari
Chattogram,Khagrachhari,Manikchari
Chattogram,Khagrachhari,Ramgarh
Chattogram,Khagrachhari,Matiranga
Chattogram,Khagrachhari,Guimara
Chattogram,Bandarban,Sadar
Chattogram,Bandarban,Alikadam
Chattogram,Bandarban,Naikhongchhari
Chattogram,Bandarban,Rowangchhari
Chattogram,Bandarban,Lama
Chattogram,Bandarban,Ruma
Chattogram,Bandarban,Thanchi
Rajshahi,Sirajganj,Belkuchi
Rajshahi,Sirajganj,Chauhali
Rajshahi,Sirajganj,Kamarkhand
Rajshahi,Sirajganj,Kazipur
Rajshahi,Sirajganj,Raigonj
Rajshahi,Sirajganj,Shahjadpur
Rajshahi,Sirajganj,Sirajganjsadar
Rajshahi,Sirajganj,Tarash
Rajshahi,Sirajganj,Ullapara
Rajshahi,Pabna,Sujanagar
Rajshahi,Pabna,Ishurdi
Rajshahi,Pabna,Bhangura
Rajshahi,Pabna,Pabnasadar
Rajshahi,Pabna,Bera
Rajshahi,Pabna,Atghoria
Rajshahi,Pabna,Chatmohar
Rajshahi,Pabna,Santhia
Rajshahi,Pabna,Faridpur
Rajshahi,Bogura,Kahaloo
Rajshahi,Bogura,Sadar
Rajshahi,Bogura,Shariakandi
Rajshahi,Bogura,Shajahanpur
Rajshahi,Bogura,Dupchanchia
Rajshahi,Bogura,Adamdighi
Rajshahi,Bogura,Nondigram
Rajshahi,Bogura,Sonatala
Rajshahi,Bogura,Dhunot
Rajshahi,Bogura,Gabtali
Rajshahi,Bogura,Sherpur
Rajshahi,Bogura,Shibganj
Rajshahi,Rajshahi,Paba
Rajshahi,Rajshahi,Durgapur
Rajshahi,Rajshahi,Mohonpur
Rajshahi,Rajshahi,Charghat
Rajshahi,Rajshahi,Puthia
Rajshahi,Rajshahi,Bagha
Rajshahi,Rajshahi,Godagari
Rajshahi,Rajshahi,Tanore
Rajshahi,Rajshahi,Bagmara
Rajshahi,Natore,Natoresadar
Rajshahi,Natore,Singra
Rajshahi,Natore,Baraigram
Rajshahi,Natore,Bagatipara
Rajshahi,Natore,Lalpur
Rajshahi,Natore,Gurudaspur
Rajshahi,Natore,Naldanga
Rajshahi,Joypurhat,Akkelpur
Rajshahi,Joypurhat,Kalai
Rajshahi,Joypurhat,Khetlal
Rajshahi,Joypurhat,Panchbibi
Rajshahi,Joypurhat,Joypurhatsadar
Rajshahi,Chapainawabganj,Chapainawabganjsadar
Rajshahi,Chapainawabganj,Gomostapur
Rajshahi,Chapainawabganj,Nachol
Rajshahi,Chapainawabganj,Bholahat
Rajshahi,Chapainawabganj,Shibganj
Rajshahi,Naogaon,Mohadevpur
Rajshahi,Naogaon,Badalgachi
Rajshahi,Naogaon,Patnitala
Rajshahi,Naogaon,Dhamoirhat
Rajshahi,Naogaon,Niamatpur
Rajshahi,Naogaon,Manda
Rajshahi,Naogaon,Atrai
Rajshahi,Naogaon,Raninagar
Rajshahi,Naogaon,Naogaonsadar
Rajshahi,Naogaon,Porsha
Rajshahi,Naogaon,Sapahar
Khulna,Jashore,Manirampur
Khulna,Jashore,Abhaynagar
Khulna,Jashore,Bagherpara
Khulna,Jashore,Chougachha
Khulna,Jashore,Jhikargacha
Khulna,Jashore,Keshabpur
Khulna,Jashore,Sadar
Khulna,Jashore,Sharsha
Khulna,Satkhira,Assasuni
Khulna,Satkhira,Debhata
Khulna,Satkhira,Kalaroa
Khulna,Satkhira,Satkhirasadar
Khulna,Satkhira,Shyamnagar
Khulna,Satkhira,Tala
Khulna,Satkhira,Kaliganj
Khulna,Meherpur,Mujibnagar
Khulna,Meherpur,Meherpursadar
Khulna,Meherpur,Gangni
Khulna,Narail,Narailsadar
Khulna,Narail,Lohagara
Khulna,Narail,Kalia
Khulna,Chuadanga,Chuadangasadar
Khulna,Chuadanga,Alamdanga
Khulna,Chuadanga,Damurhuda
Khulna,Chuadanga,Jibannagar
Khulna,Kushtia,Kushtiasadar
Khulna,Kushtia,Kumarkhali
Khulna,Kushtia,Khoksa
Khulna,Kushtia,Mirpur
Khulna,Kushtia,Daulatpur
Khulna,Kushtia,Bheramara
Khulna,Magura,Shalikha
Khulna,Magura,Sreepur
Khulna,Magura,Magurasadar
Khulna,Magura,Mohammadpur
Khulna,Khulna,Paikgasa
Khulna,Khulna,Fultola
Khulna,Khulna,Digholia
Khulna,Khulna,Rupsha
Khulna,Khulna,Terokhada
Khulna,Khulna,Dumuria
Khulna,Khulna,Botiaghata
Khulna,Khulna,Dakop
Khulna,Khulna,Koyra
Khulna,Bagerhat,Fakirhat
Khulna,Bagerhat,Sadar
Khulna,Bagerhat,Mollahat
Khulna,Bagerhat,Sarankhola
Khulna,Bagerhat,Rampal
Khulna,Bagerhat,Morrelganj
Khulna,Bagerhat,Kachua
Khulna,Bagerhat,Mongla
Khulna,Bagerhat,Chitalmari
Khulna,Jhenaidah,Sadar
Khulna,Jhenaidah,Shailkupa
Khulna,Jhenaidah,Harinakundu
Khulna,Jhenaidah,Kaliganj
Khulna,Jhenaidah,Kotchandpur
Khulna,Jhenaidah,Moheshpur
Barishal,Jhalakathi,Sadar
Barishal,Jhalakathi,Kathalia
Barishal,Jhalakathi,Nalchity
Barishal,Jhalakathi,Rajapur
Barishal,Patuakhali,Bauphal
Barishal,Patuakhali,Sadar
Barishal,Patuakhali,Dumki
Barishal,Patuakhali,Dashmina
Barishal,Patuakhali,Kalapara
Barishal,Patuakhali,Mirzaganj
Barishal,Patuakhali,Galachipa
Barishal,Patuakhali,Rangabali
Barishal,Pirojpur,Sadar
Barishal,Pirojpur,Nazirpur
Barishal,Pirojpur,Kawkhali
Barishal,Pirojpur,Bhandaria
Barishal,Pirojpur,Mathbaria
Barishal,Pirojpur,Nesarabad
Barishal,Pirojpur,Indurkani
Barishal,Barishal,Barishalsadar
Barishal,Barishal,Bakerganj
Barishal,Barishal,Babuganj
Barishal,Barishal,Wazirpur
Barishal,Barishal,Banaripara
Barishal,Barishal,Gournadi
Barishal,Barishal,Agailjhara
Barishal,Barishal,Mehendiganj
Barishal,Barishal,Muladi
Barishal,Barishal,Hizla
Barishal,Bhola,Sadar
Barishal,Bhola,Borhanuddin
Barishal,Bhola,Charfesson
Barishal,Bhola,Doulatkhan
Barishal,Bhola,Monpura
Barishal,Bhola,Tazumuddin
Barishal,Bhola,Lalmohan
Barishal,Barguna,Amtali
Barishal,Barguna,Sadar
Barishal,Barguna,Betagi
Barishal,Barguna,Bamna
Barishal,Barguna,Pathorghata
Barishal,Barguna,Taltali
Sylhet,Sylhet,Balaganj
Sylhet,Sylhet,Beanibazar
Sylhet,Sylhet,Bishwanath
Sylhet,Sylhet,Companiganj
Sylhet,Sylhet,Fenchuganj
Sylhet,Sylhet,Golapganj
Sylhet,Sylhet,Gowainghat
Sylhet,Sylhet,Jaintiapur
Sylhet,Sylhet,Kanaighat
Sylhet,Sylhet,Sylhetsadar
Sylhet,Sylhet,Zakiganj
Sylhet,Sylhet,Dakshinsurma
Sylhet,Sylhet,Osmaninagar
Sylhet,Moulvibazar,Barlekha
Sylhet,Moulvibazar,Kamolganj
Sylhet,Moulvibazar,Kulaura
Sylhet,Moulvibazar,Moulvibazarsadar
Sylhet,Moulvibazar,Rajnagar
Sylhet,Moulvibazar,Sreemangal
Sylhet,Moulvibazar,Juri
Sylhet,Habiganj,Nabiganj
Sylhet,Habiganj,Bahubal
Sylhet,Habiganj,Ajmiriganj
Sylhet,Habiganj,Baniachong
Sylhet,Habiganj,Lakhai
Sylhet,Habiganj,Chunarughat
Sylhet,Habiganj,Habiganjsadar
Sylhet,Habiganj,Madhabpur
Sylhet,Habiganj,Shayestaganj
Sylhet,Sunamganj,Sadar
Sylhet,Sunamganj,Southsunamganj
Sylhet,Sunamganj,Bishwambarpur
Sylhet,Sunamganj,Chhatak
Sylhet,Sunamganj,Jagannathpur
Sylhet,Sunamganj,Dowarabazar
Sylhet,Sunamganj,Tahirpur
Sylhet,Sunamganj,Dharmapasha
Sylhet,Sunamganj,Jamalganj
Sylhet,Sunamganj,Shalla
Sylhet,Sunamganj,Derai
Sylhet,Sunamganj,Madhyanagar
Dhaka,Narsingdi,Belabo
Dhaka,Narsingdi,Monohardi
Dhaka,Narsingdi,Narsingdisadar
Dhaka,Narsingdi,Palash
Dhaka,Narsingdi,Raipura
Dhaka,Narsingdi,Shibpur
Dhaka,Gazipur,Kaliganj
Dhaka,Gazipur,Kaliakair
Dhaka,Gazipur,Kapasia
Dhaka,Gazipur,Sadar
Dhaka,Gazipur,Sreepur
Dhaka,Shariatpur,Sadar
Dhaka,Shariatpur,Naria
Dhaka,Shariatpur,Zajira
Dhaka,Shariatpur,Gosairhat
Dhaka,Shariatpur,Bhedarganj
Dhaka,Shariatpur,Damudya
Dhaka,Narayanganj,Araihazar
Dhaka,Narayanganj,Bandar
Dhaka,Narayanganj,Narayanganjsadar
Dhaka,Narayanganj,Rupganj
Dhaka,Narayanganj,Sonargaon
Dhaka,Tangail,Basail
Dhaka,Tangail,Bhuapur
Dhaka,Tangail,Delduar
Dhaka,Tangail,Ghatail
Dhaka,Tangail,Gopalpur
Dhaka,Tangail,Madhupur
Dhaka,Tangail,Mirzapur
Dhaka,Tangail,Nagarpur
Dhaka,Tangail,Sakhipur
Dhaka,Tangail,Tangailsadar
Dhaka,Tangail,Kalihati
Dhaka,Tangail,Dhanbari
Dhaka,Kishoreganj,Itna
Dhaka,Kishoreganj,Katiadi
Dhaka,Kishoreganj,Bhairab
Dhaka,Kishoreganj,Tarail
Dhaka,Kishoreganj,Hossainpur
Dhaka,Kishoreganj,Pakundia
Dhaka,Kishoreganj,Kuliarchar
Dhaka,Kishoreganj,Kishoreganjsadar
Dhaka,Kishoreganj,Karimgonj
Dhaka,Kishoreganj,Bajitpur
Dhaka,Kishoreganj,Austagram
Dhaka,Kishoreganj,Mithamoin
Dhaka,Kishoreganj,Nikli
Dhaka,Manikganj,Harirampur
Dhaka,Manikganj,Saturia
Dhaka,Manikganj,Sadar
Dhaka,Manikganj,Gior
Dhaka,Manikganj,Shibaloy
Dhaka,Manikganj,Doulatpur
Dhaka,Manikganj,Singiar
Dhaka,Dhaka,Savar
Dhaka,Dhaka,Dhamrai
Dhaka,Dhaka,Keraniganj
Dhaka,Dhaka,Nawabganj
Dhaka,Dhaka,Dohar
Dhaka,Munshiganj,Sadar
Dhaka,Munshiganj,Sreenagar
Dhaka,Munshiganj,Sirajdikhan
Dhaka,Munshiganj,Louhajanj
Dhaka,Munshiganj,Gajaria
Dhaka,Munshiganj,Tongibari
Dhaka,Rajbari,Sadar
Dhaka,Rajbari,Goalanda
Dhaka,Rajbari,Pangsa
Dhaka,Rajbari,Baliakandi
Dhaka,Rajbari,Kalukhali
Dhaka,Madaripur,Sadar
Dhaka,Madaripur,Shibchar
Dhaka,Madaripur,Kalkini
Dhaka,Madaripur,Rajoir
Dhaka,Madaripur,Dasar
Dhaka,Gopalganj,Sadar
Dhaka,Gopalganj,Kashiani
Dhaka,Gopalganj,Tungipara
Dhaka,Gopalganj,Kotalipara
Dhaka,Gopalganj,Muksudpur
Dhaka,Faridpur,Sadar
Dhaka,Faridpur,Alfadanga
Dhaka,Faridpur,Boalmari
Dhaka,Faridpur,Sadarpur
Dhaka,Faridpur,Nagarkanda
Dhaka,Faridpur,Bhanga
Dhaka,Faridpur,Charbhadrasan
Dhaka,Faridpur,Madhukhali
Dhaka,Faridpur,Saltha
Rangpur,Panchagarh,Panchagarhsadar
Rangpur,Panchagarh,Debiganj
Rangpur,Panchagarh,Boda
Rangpur,Panchagarh,Atwari
Rangpur,Panchagarh,Tetulia
Rangpur,Dinajpur,Nawabganj
Rangpur,Dinajpur,Birganj
Rangpur,Dinajpur,Ghoraghat
Rangpur,Dinajpur,Birampur
Rangpur,Dinajpur,Parbatipur
Rangpur,Dinajpur,Bochaganj
Rangpur,Dinajpur,Kaharol
Rangpur,Dinajpur,Fulbari
Rangpur,Dinajpur,Dinajpursadar
Rangpur,Dinajpur,Hakimpur
Rangpur,Dinajpur,Khansama
Rangpur,Dinajpur,Birol
Rangpur,Dinajpur,Chirirbandar
Rangpur,Lalmonirhat,Sadar
Rangpur,Lalmonirhat,Kaliganj
Rangpur,Lalmonirhat,Hatibandha
Rangpur,Lalmonirhat,Patgram
Rangpur,Lalmonirhat,Aditmari
Rangpur,Nilphamari,Syedpur
Rangpur,Nilphamari,Domar
Rangpur,Nilphamari,Dimla
Rangpur,Nilphamari,Jaldhaka
Rangpur,Nilphamari,Kishorganj
Rangpur,Nilphamari,Nilphamarisadar
Rangpur,Gaibandha,Sadullapur
Rangpur,Gaibandha,Gaibandhasadar
Rangpur,Gaibandha,Palashbari
Rangpur,Gaibandha,Saghata
Rangpur,Gaibandha,Gobindaganj
Rangpur,Gaibandha,Sundarganj
Rangpur,Gaibandha,Phulchari
Rangpur,Thakurgaon,Thakurgaonsadar
Rangpur,Thakurgaon,Pirganj
Rangpur,Thakurgaon,Ranisankail
Rangpur,Thakurgaon,Haripur
Rangpur,Thakurgaon,Baliadangi
Rangpur,Rangpur,Rangpursadar
Rangpur,Rangpur,Gangachara
Rangpur,Rangpur,Taragonj
Rangpur,Rangpur,Badargonj
Rangpur,Rangpur,Mithapukur
Rangpur,Rangpur,Pirgonj
Rangpur,Rangpur,Kaunia
Rangpur,Rangpur,Pirgacha
Rangpur,Kurigram,Kurigramsadar
Rangpur,Kurigram,Nageshwari
Rangpur,Kurigram,Bhurungamari
Rangpur,Kurigram,Phulbari
Rangpur,Kurigram,Rajarhat
Rangpur,Kurigram,Ulipur
Rangpur,Kurigram,Chilmari
Rangpur,Kurigram,Rowmari
Rangpur,Kurigram,Charrajibpur
Mymensingh,Sherpur,Sherpursadar
Mymensingh,Sherpur,Nalitabari
Mymensingh,Sherpur,Sreebordi
Mymensingh,Sherpur,Nokla
Mymensingh,Sherpur,Jhenaigati
Mymensingh,Mymensingh,Fulbaria
Mymensingh,Mymensingh,Trishal
Mymensingh,Mymensingh,Bhaluka
Mymensingh,Mymensingh,Muktagacha
Mymensingh,Mymensingh,Mymensinghsadar
Mymensingh,Mymensingh,Dhobaura
Mymensingh,Mymensingh,Phulpur
Mymensingh,Mymensingh,Haluaghat
Mymensingh,Mymensingh,Gouripur
Mymensingh,Mymensingh,Gafargaon
Mymensingh,Mymensingh,Iswarganj
Mymensingh,Mymensingh,Nandail
Mymensingh,Mymensingh,Tarakanda
Mymensingh,Jamalpur,Jamalpursadar
Mymensingh,Jamalpur,Melandah
Mymensingh,Jamalpur,Islampur
Mymensingh,Jamalpur,Dewangonj
Mymensingh,Jamalpur,Sarishabari
Mymensingh,Jamalpur,Madarganj
Mymensingh,Jamalpur,Bokshiganj
Mymensingh,Netrokona,Barhatta
Mymensingh,Netrokona,Durgapur
Mymensingh,Netrokona,Kendua
Mymensingh,Netrokona,Atpara
Mymensingh,Netrokona,Madan
Mymensingh,Netrokona,Khaliajuri
Mymensingh,Netrokona,Kalmakanda
Mymensingh,Netrokona,Mohongonj
Mymensingh,Netrokona,Purbadhala
Mymensingh,Netrokona,Netrokonasadar